Year,GDP,Population,Passengers,Model1_Prediction,Model2_Prediction,Model3_Prediction,Model4_Prediction
2008,14.72,304.09,701.78,710,701,850,750
2009,14.42,306.77,679.42,650,670,450,750
2010,14.96,309.34,720.5,700,715,1000,750
2011,15.52,311.64,730.8,750,735,550,750
2012,16.16,313.99,736.7,769,740,700,750
2013,16.69,316.23,743.17,800,740,900,750
2014,17.43,318.62,762.71,745,760,1100,750
2015,18.12,321.04,798.22,780,790,1200,750
2016,18.62,323.41,824.04,800,825,1500,750
2017,19.39,325.72,849.4,875,855,1600,750
